,Top Genre,Artist Type,Year Released,Top Year,BPM,Artist
0,Dance Pop,Duo,2009,2010,140,3OH!3
1,Dance Pop,Duo,2010,2010,138,3OH!3
2,Pop Soul,Solo,2010,2010,95,Aloe Blacc
3,Atl Hip Hop,Solo,2010,2010,93,B.o.B
4,Atl Hip Hop,Solo,2010,2010,104,B.o.B
5,Atl Hip Hop,Solo,2010,2010,82,B.o.B
6,Dance Pop,Band/Group,2010,2010,128,Black Eyed Peas
7,Dance Pop,Band/Group,2009,2010,92,Black Eyed Peas
8,Dance Pop,Solo,2010,2010,146,Bruno Mars
9,Dance Pop,Solo,2010,2010,109,Bruno Mars
10,Pop Rap,Band/Group,2011,2010,85,Cali Swag District
11,Atl Hip Hop,Solo,2010,2010,127,CeeLo Green
12,Dance Pop,Solo,2011,2010,74,Chris Brown
13,Big Room,Solo,2009,2010,130,David Guetta
14,Big Room,Solo,2009,2010,130,David Guetta
15,Dance Pop,Solo,2010,2010,150,DJ Khaled
16,Canadian Hip Hop,Solo,2010,2010,100,Drake
17,Canadian Hip Hop,Solo,2010,2010,96,Drake
18,Disco House,Duo,2010,2010,128,Duck Sauce
19,Romanian House,Solo,2010,2010,127,Edward Maya
20,Lilith,Solo,2010,2010,133,Eliza Doolittle
21,Dance Pop,Solo,2010,2010,150,Ellie Goulding
22,Detroit Hip Hop,Solo,2010,2010,87,Eminem
23,Detroit Hip Hop,Solo,2010,2010,115,Eminem
24,Dance Pop,Solo,2010,2010,129,Enrique Iglesias
25,Dance Pop,Solo,2010,2010,126,Example
26,Asian American Hip Hop,Band/Group,2010,2010,125,Far East Movement
27,Dance Pop,Solo,2010,2010,128,Flo Rida
28,Dance Pop,Solo,2010,2010,128,INNA
29,Dance Pop,Solo,2009,2010,91,Iyaz
30,Dance Pop,Solo,2010,2010,144,Jason Derulo
31,Dance Pop,Solo,2010,2010,89,Jason Derulo
32,Dance Pop,Solo,2010,2010,110,Jason Derulo
33,Dance Pop,Solo,2009,2010,132,Jay Sean
34,Dance Pop,Solo,2009,2010,126,Jay Sean
35,East Coast Hip Hop,Solo,2009,2010,140,JAY-Z
36,Neo Mellow,Solo,2009,2010,97,John Mayer
37,Neo Mellow,Solo,2009,2010,115,John Mayer
38,Canadian Pop,Solo,2010,2010,65,Justin Bieber
39,Dance Pop,Solo,2012,2010,125,Katy Perry
40,Dance Pop,Solo,2010,2010,120,Katy Perry
41,Atl Hip Hop,Solo,2011,2010,125,Kelly Rowland
42,Dance Pop,Solo,2010,2010,120,Kesha
43,Dance Pop,Solo,2010,2010,120,Kesha
44,Dance Pop,Solo,2010,2010,125,Kesha
45,Dance Pop,Solo,2010,2010,120,Kesha
46,Reggae Fusion,Solo,2009,2010,76,K'NAAN
47,Idol,Solo,2009,2010,92,Kris Allen
48,Art Pop,Solo,2009,2010,119,Lady Gaga
49,Art Pop,Solo,2009,2010,122,Lady Gaga
50,Art Pop,Solo,2009,2010,99,Lady Gaga
51,Hip Hop,Solo,2010,2010,76,Lil Wayne
52,Atl Hip Hop,Solo,2010,2010,85,Ludacris
53,Atl Hip Hop,Solo,2010,2010,144,Ludacris
54,Pop,Band/Group,2010,2010,103,Maroon 5
55,Talent Show,Solo,2011,2010,82,Matt Cardle
56,Dance Pop,Solo,2010,2010,130,Mike Posner
57,Dance Pop,Solo,2010,2010,117,Miley Cyrus
58,Modern Alternative Rock,Band/Group,2010,2010,148,Neon Trees
59,Indietronica,Band/Group,2009,2010,180,Owl City
60,Grime,Duo,2010,2010,147,Plan B
61,Barbadian Pop,Solo,2010,2010,126,Rihanna
62,Barbadian Pop,Solo,2009,2010,174,Rihanna
63,Barbadian Pop,Solo,2010,2010,100,Rihanna
64,Barbadian Pop,Solo,2010,2010,156,Rihanna
65,Barbadian Pop,Solo,2009,2010,182,Rihanna
66,Art Pop,Solo,2010,2010,117,Robyn
67,Acoustic Pop,Solo,2010,2010,119,Sara Bareilles
68,Dance Pop,Band/Group,2017,2010,177,Scouting For Girls
69,Dance Pop,Solo,2020,2010,121,Sean Kingston
70,Dutch House,Solo,2009,2010,126,Sidney Samson
71,Belgian Pop,Solo,2010,2010,120,Stromae
72,Contemporary Country,Duo,2010,2010,84,Sugarland
73,Dance Pop,Band/Group,2010,2010,125,Swedish House Mafia
74,Dance Pop,Band/Group,2010,2010,125,Swedish House Mafia
75,Dance Pop,Solo,2010,2010,120,Taio Cruz
76,Dance Pop,Solo,2010,2010,122,Taio Cruz
77,Boy Band,Band/Group,2010,2010,101,Take That
78,Pop,Solo,2010,2010,142,Taylor Swift
79,Pop,Solo,2010,2010,121,Taylor Swift
80,Pop,Solo,2011,2010,158,Taylor Swift
81,Contemporary Country,Band/Group,2010,2010,131,The Band Perry
82,Celtic Rock,Band/Group,2011,2010,174,The Script
83,Boy Band,Band/Group,2010,2010,134,The Wanted
84,EDM,Solo,2010,2010,126,Tim Berg
85,Dance Pop,Solo,2009,2010,116,Timbaland
86,Dance Pop,Solo,2009,2010,126,Timbaland
87,Dance Pop,Solo,2010,2010,91,Tinie Tempah
88,Dance Pop,Solo,2010,2010,123,Tinie Tempah
89,Dance Pop,Band/Group,2010,2010,97,Train
90,Dance Pop,Solo,2010,2010,87,Travie McCoy
91,Dance Pop,Solo,2010,2010,74,Trey Songz
92,Dance Pop,Solo,2009,2010,93,Trey Songz
93,Indie Rock,Band/Group,2010,2010,139,Two Door Cinema Club
94,Atl Hip Hop,Solo,2010,2010,120,Usher
95,Atl Hip Hop,Solo,2010,2010,130,Usher
96,Atl Hip Hop,Solo,2010,2010,96,Usher
97,Atl Hip Hop,Solo,2010,2010,131,Waka Flocka Flame
98,Australian Dance,Duo,2020,2010,125,Yolanda Be Cool
99,Dance Pop,Band/Group,2009,2010,148,Young Money
100,British Soul,Solo,2011,2011,105,Adele
101,British Soul,Solo,2011,2011,108,Adele
102,Dance Pop,Solo,2011,2011,127,Alexandra Stan
103,Canadian Pop,Solo,2011,2011,150,Avril Lavigne
104,Detroit Hip Hop,Duo,2011,2011,90,Bad Meets Evil
105,Dance Pop,Solo,2011,2011,94,Beyoncé
106,Dance Pop,Solo,2011,2011,99,Beyoncé
107,Pop,Solo,2011,2011,166,Birdy
108,Dance Pop,Band/Group,2010,2011,94,Black Eyed Peas
109,Contemporary Country,Solo,2011,2011,206,Blake Shelton
110,Eau Claire Indie,Band/Group,2011,2011,148,Bon Iver
111,Dance Pop,Solo,2011,2011,130,Britney Spears
112,Dance Pop,Solo,2011,2011,132,Britney Spears
113,Dance Pop,Solo,2010,2011,110,Bruno Mars
114,Dance Pop,Solo,2010,2011,145,Bruno Mars
115,Dance Pop,Solo,2010,2011,175,Bruno Mars
116,Dance Pop,Solo,2012,2011,128,Calvin Harris
117,Dancefloor Dnb,Duo,2011,2011,140,Chase & Status
118,Grime,Solo,2011,2011,190,Chip
119,Dance Pop,Solo,2011,2011,146,Chris Brown
120,Dance Pop,Solo,2011,2011,130,Chris Brown
121,Dance Pop,Solo,2019,2011,128,Chris Brown
122,Dance Pop,Solo,2011,2011,75,Christina Perri
123,Dance Pop,Band/Group,2011,2011,132,Cobra Starship
124,Permanent Wave,Band/Group,2011,2011,140,Coldplay
125,Permanent Wave,Band/Group,2011,2011,118,Coldplay
126,Big Room,Solo,2011,2011,130,David Guetta
127,Big Room,Solo,2010,2011,128,David Guetta
128,Hip Pop,Duo,2010,2011,168,Diddy - Dirty Money
129,Dancefloor Dnb,Solo,2012,2011,140,DJ Fresh
130,Dance Pop,Solo,2011,2011,149,DJ Khaled
131,G Funk,Solo,2011,2011,156,Dr. Dre
132,Canadian Hip Hop,Solo,2011,2011,152,Drake
133,Pop,Solo,2011,2011,85,Ed Sheeran
134,Pop,Solo,2011,2011,160,Ed Sheeran
135,Romanian House,Solo,2010,2011,127,Edward Maya
136,Dance Pop,Solo,2010,2011,126,Enrique Iglesias
137,Contemporary Country,Solo,2011,2011,104,Eric Church
138,Dance Pop,Solo,2011,2011,127,Example
139,Asian American Hip Hop,Band/Group,2010,2011,96,Far East Movement
140,Baroque Pop,Band/Group,2011,2011,107,Florence + The Machine
141,Indietronica,Band/Group,2011,2011,128,Foster The People
142,Indie Pop,Band/Group,2011,2011,113,Grouplove
143,Dance Pop,Band/Group,2011,2011,90,Gym Class Heroes
144,Dance Pop,Band/Group,2011,2011,100,Hot Chelle Rae
145,Contemporary Country,Solo,2010,2011,127,Jason Aldean
146,Dance Pop,Solo,2011,2011,92,Jason Derulo
147,Dance Pop,Solo,2011,2011,122,Jason Derulo
148,Dance Pop,Solo,2011,2011,130,Jennifer Lopez
149,Chicago Rap,Solo,2010,2011,160,Jeremih
150,Dance Pop,Solo,2011,2011,140,Jessie J
151,Chicago Rap,Solo,2010,2011,142,Kanye West
152,Dance Pop,Solo,2012,2011,126,Katy Perry
153,Dance Pop,Solo,2010,2011,124,Katy Perry
154,Dance Pop,Solo,2012,2011,152,Katy Perry
155,Atl Hip Hop,Solo,2011,2011,141,Kelly Rowland
156,Dance Pop,Solo,2010,2011,160,Keri Hilson
157,Dance Pop,Solo,2010,2011,120,Kesha
158,Dance Pop,Solo,2010,2011,120,Kesha
159,Indie Poptimism,Solo,2012,2011,153,Labrinth
160,Contemporary Country,Band/Group,2011,2011,143,Lady A
161,Art Pop,Solo,2011,2011,124,Lady Gaga
162,Art Pop,Solo,2011,2011,128,Lady Gaga
163,Hip Hop,Solo,2011,2011,79,Lil Wayne
164,Hip Hop,Solo,2011,2011,154,Lil Wayne
165,Dance Pop,Duo,2011,2011,130,LMFAO
166,Dance Pop,Duo,2011,2011,130,LMFAO
167,Chicago Rap,Solo,2011,2011,143,Lupe Fiasco
168,Art Pop,Solo,2021,2011,122,Lykke Li
169,French Shoegaze,Duo,2011,2011,105,M83
170,Hip Hop,Solo,2011,2011,163,Mac Miller
171,Pop Rap,Solo,2011,2011,104,Mann
172,Pop,Band/Group,2010,2011,128,Maroon 5
173,Dance Pop,Solo,2010,2011,81,Miguel
174,Alternative Metal,Band/Group,2011,2011,188,Nickelback
175,Dance Pop,Solo,2010,2011,127,Nicki Minaj
176,Indie Folk,Band/Group,2011,2011,82,Noah And The Whale
177,Dance Pop,Solo,2011,2011,111,Olly Murs
178,Dance Pop,Band/Group,2009,2011,95,OneRepublic
179,Dance Pop,Solo,2010,2011,122,P!nk
180,Dance Pop,Solo,2011,2011,129,Pitbull
181,Dance Pop,Solo,2011,2011,128,Pitbull
182,Grime,Solo,2021,2011,101,Professor Green
183,Alternative Rock,Band/Group,2011,2011,106,Red Hot Chili Peppers
184,Barbadian Pop,Solo,2010,2011,128,Rihanna
185,Barbadian Pop,Solo,2011,2011,128,Rihanna
186,Barbadian Pop,Solo,2010,2011,100,Rihanna
187,UK Hip Hop,Duo,2011,2011,115,Rizzle Kicks
188,Electro House,Solo,2011,2011,128,Sak Noel
189,Dance Pop,Band/Group,2011,2011,117,Selena Gomez & The Scene
190,Dance Pop,Band/Group,2011,2011,101,Selena Gomez & The Scene
191,G Funk,Solo,2011,2011,130,Snoop Dogg
192,Dance Pop,Band/Group,2011,2011,127,Swedish House Mafia
193,Dance Pop,Solo,2011,2011,128,Taio Cruz
194,Contemporary Country,Band/Group,2010,2011,131,The Band Perry
195,Boy Band,Band/Group,2011,2011,127,The Wanted
196,Atl Hip Hop,Solo,2010,2011,125,Usher
197,Atl Hip Hop,Solo,2010,2011,131,Waka Flocka Flame
198,Dance Pop,Solo,2011,2011,164,Wiz Khalifa
199,Dance Pop,Solo,2011,2011,125,Wiz Khalifa
200,British Soul,Solo,2012,2012,76,Adele
201,British Soul,Solo,2011,2012,120,Adele
202,Dance Pop,Solo,2013,2012,128,Alesso
203,Modern Alternative Rock,Solo,2011,2012,126,Alex Clare
204,Indie Rock,Band/Group,2012,2012,150,alt-J
205,Garage Rock,Band/Group,2012,2012,97,Arctic Monkeys
206,Israeli Pop,Solo,2012,2012,119,Asaf Avidan
207,Dance Pop,Solo,2011,2012,126,Avicii
208,Dance Pop,Solo,2012,2012,128,Avicii
209,Dance Pop,Solo,2014,2012,126,Azealia Banks
210,Atl Hip Hop,Solo,2012,2012,86,B.o.B
211,Dance Pop,Solo,2012,2012,144,Bruno Mars
212,Dance Pop,Solo,2011,2012,150,Bruno Mars
213,Dance Pop,Solo,2012,2012,128,Calvin Harris
214,Dance Pop,Solo,2012,2012,128,Calvin Harris
215,Dance Pop,Solo,2012,2012,128,Calvin Harris
216,Canadian Pop,Solo,2012,2012,120,Carly Rae Jepsen
217,Contemporary Country,Solo,2012,2012,137,Carrie Underwood
218,Dance Pop,Solo,2012,2012,98,Cher Lloyd
219,Dance Pop,Solo,2012,2012,130,Chris Brown
220,Permanent Wave,Band/Group,2011,2012,140,Coldplay
221,Permanent Wave,Band/Group,2011,2012,85,Coldplay
222,Big Room,Solo,2011,2012,128,David Guetta
223,Dance Pop,Solo,2012,2012,125,DEV
224,EDM,Duo,2013,2012,122,Disclosure
225,Dancefloor Dnb,Solo,2010,2012,175,DJ Fresh
226,Canadian Hip Hop,Solo,2011,2012,122,Drake
227,Canadian Hip Hop,Solo,2011,2012,202,Drake
228,Dance Pop,Solo,2010,2012,120,Ellie Goulding
229,Dance Pop,Solo,2012,2012,128,Flo Rida
230,Baroque Pop,Band/Group,2012,2012,126,Florence + The Machine
231,Alternative R&B,Solo,2012,2012,123,Frank Ocean
232,Alternative R&B,Solo,2012,2012,130,Frank Ocean
233,Baroque Pop,Band/Group,2012,2012,184,fun.
234,Baroque Pop,Band/Group,2012,2012,108,fun.
235,Australian Pop,Solo,2011,2012,129,Gotye
236,Art Pop,Solo,2012,2012,156,Grimes
237,Dance Pop,Band/Group,2011,2012,130,Gym Class Heroes
238,Candy Pop,Duo,2013,2012,126,Icona Pop
239,Modern Rock,Band/Group,2012,2012,105,Imagine Dragons
240,Modern Rock,Band/Group,2012,2012,100,Imagine Dragons
241,East Coast Hip Hop,Solo,2011,2012,140,JAY-Z
242,Canadian Pop,Solo,2012,2012,97,Justin Bieber
243,Chicago Rap,Solo,2012,2012,140,Kanye West
244,Dance Pop,Duo,2012,2012,120,Karmin
245,Dance Pop,Solo,2012,2012,134,Katy Perry
246,Dance Pop,Solo,2012,2012,130,Katy Perry
247,Conscious Hip Hop,Solo,2012,2012,74,Kendrick Lamar
248,Conscious Hip Hop,Solo,2012,2012,91,Kendrick Lamar
249,Dance Pop,Solo,2012,2012,128,Kesha
250,Dance Pop,Solo,2012,2012,126,Kesha
251,Art Pop,Solo,2012,2012,94,Lana Del Rey
252,Art Pop,Solo,2012,2012,122,Lana Del Rey
253,Art Pop,Solo,2012,2012,86,Lana Del Rey
254,Alternative Metal,Band/Group,2012,2012,110,Linkin Park
255,Dance Pop,Duo,2011,2012,130,LMFAO
256,Chicago Rap,Solo,2012,2012,168,Lupe Fiasco
257,Art Pop,Solo,2012,2012,128,MARINA
258,Art Pop,Solo,2012,2012,140,MARINA
259,Pop,Band/Group,2012,2012,93,Maroon 5
260,Pop,Band/Group,2012,2012,110,Maroon 5
261,Dance Pop,Solo,2012,2012,179,Miguel
262,Modern Rock,Band/Group,2012,2012,180,Muse
263,Modern Alternative Rock,Band/Group,2012,2012,155,Neon Trees
264,Dance Pop,Solo,2011,2012,125,Nicki Minaj
265,Dance Pop,Solo,2012,2012,125,Nicki Minaj
266,Folk-Pop,Band/Group,2012,2012,112,Of Monsters and Men
267,Dance Pop,Solo,2012,2012,106,Olly Murs
268,Boy Band,Band/Group,2012,2012,125,One Direction
269,Boy Band,Band/Group,2012,2012,126,One Direction
270,EDM,Solo,2012,2012,126,Otto Knows
271,Indietronica,Band/Group,2012,2012,126,Owl City
272,Dance Pop,Solo,2012,2012,114,P!nk
273,Alternative Dance,Band/Group,2012,2012,101,Passion Pit
274,Folk-Pop,Solo,2013,2012,118,Phillip Phillips
275,Folk-Pop,Solo,2013,2012,121,Phillip Phillips
276,K-Pop,Solo,2012,2012,132,PSY
277,Barbadian Pop,Solo,2011,2012,128,Rihanna
278,Barbadian Pop,Solo,2011,2012,128,Rihanna
279,Dance Pop,Solo,2012,2012,72,Rita Ora
280,UK Hip Hop,Duo,2011,2012,98,Rizzle Kicks
281,Dance Pop,Solo,2012,2012,116,Robbie Williams
282,Dance Pop,Band/Group,2013,2012,180,Rudimental
283,Gangster Rap,Solo,2012,2012,128,ScHoolboy Q
284,Brostep,Solo,2011,2012,110,Skrillex
285,G Funk,Solo,2011,2012,95,Snoop Dogg
286,Dance Pop,Band/Group,2012,2012,129,Swedish House Mafia
287,Pop,Solo,2012,2012,77,Taylor Swift
288,Pop,Solo,2012,2012,86,Taylor Swift
289,Folk-Pop,Band/Group,2012,2012,80,The Lumineers
290,Boy Band,Band/Group,2012,2012,128,The Wanted
291,Downtempo,Band/Group,2012,2012,92,The xx
292,Dance Pop,Band/Group,2012,2012,122,Train
293,Dance Pop,Band/Group,2012,2012,140,Train
294,Dance Pop,Solo,2012,2012,150,Trey Songz
295,Dance Pop,Solo,2012,2012,99,Tyga
296,Dance Pop,Solo,2012,2012,95,Tyga
297,Atl Hip Hop,Solo,2012,2012,136,Usher
298,Dance Pop,Band/Group,2012,2012,140,WALK THE MOON
299,Dance Pop,Solo,2012,2012,140,Wiz Khalifa
300,Atl Hip Hop,Solo,2013,2013,172,2 Chainz
301,East Coast Hip Hop,Solo,2013,2013,96,A$AP Rocky
302,Garage Rock,Band/Group,2013,2013,92,Arctic Monkeys
303,Garage Rock,Band/Group,2013,2013,85,Arctic Monkeys
304,Dance Pop,Solo,2013,2013,82,Ariana Grande
305,Dance Pop,Solo,2013,2013,124,Avicii
306,Dance Pop,Solo,2012,2013,128,Avicii
307,Canadian Pop,Solo,2013,2013,165,Avril Lavigne
308,La Indie,Band/Group,2011,2013,119,AWOLNATION
309,Bass Trap,Solo,2013,2013,138,Baauer
310,Metropopolis,Band/Group,2013,2013,127,Bastille
311,Metropopolis,Band/Group,2013,2013,125,Bastille
312,Big Room,Duo,2013,2013,128,Bingo Players
313,Contemporary Country,Solo,2013,2013,137,Blake Shelton
314,Dance Pop,Solo,2012,2013,93,Bridgit Mendler
315,Dance Pop,Solo,2013,2013,128,Britney Spears
316,Dance Pop,Solo,2012,2013,144,Bruno Mars
317,Dance Pop,Solo,2012,2013,73,Bruno Mars
318,Dance Pop,Solo,2012,2013,116,Bruno Mars
319,Dance Pop,Solo,2012,2013,128,Calvin Harris
320,Dance Pop,Solo,2012,2013,125,Calvin Harris
321,Dance Pop,Solo,2012,2013,128,Calvin Harris
322,Dance Pop,Solo,2012,2013,128,Calvin Harris
323,Metropopolis,Duo,2013,2013,118,Capital Cities
324,Atl Hip Hop,Solo,2013,2013,166,Childish Gambino
325,Dance Pop,Solo,2014,2013,104,Chris Brown
326,Electropop,Band/Group,2013,2013,174,CHVRCHES
327,Dance Pop,Solo,2013,2013,134,Ciara
328,Electro,Duo,2013,2013,116,Daft Punk
329,Electro,Duo,2013,2013,100,Daft Punk
330,Big Room,Solo,2011,2013,130,David Guetta
331,Dance Pop,Solo,2013,2013,174,Demi Lovato
332,EDM,Duo,2013,2013,120,Disclosure
333,Canadian Hip Hop,Solo,2013,2013,100,Drake
334,Canadian Hip Hop,Solo,2013,2013,86,Drake
335,Destroy Techno,Solo,2013,2013,124,Duke Dumont
336,Detroit Hip Hop,Solo,2013,2013,110,Eminem
337,Detroit Hip Hop,Solo,2013,2013,95,Eminem
338,Emo,Band/Group,2013,2013,152,Fall Out Boy
339,Dance Pop,Solo,2012,2013,126,Flo Rida
340,Contemporary Country,Duo,2012,2013,148,Florida Georgia Line
341,Candy Pop,Duo,2013,2013,126,Icona Pop
342,Modern Rock,Band/Group,2012,2013,90,Imagine Dragons
343,Modern Rock,Band/Group,2012,2013,136,Imagine Dragons
344,Conscious Hip Hop,Solo,2013,2013,100,J. Cole
345,Dance Pop,Solo,2013,2013,100,Jason Derulo
346,Dance Pop,Solo,2013,2013,128,Jason Derulo
347,East Coast Hip Hop,Solo,2013,2013,145,JAY-Z
348,Dance Pop,Solo,2013,2013,126,John Newman
349,Canadian Pop,Solo,2012,2013,128,Justin Bieber
350,Dance Pop,Solo,2013,2013,77,Justin Timberlake
351,Dance Pop,Solo,2013,2013,102,Justin Timberlake
352,Chicago Rap,Solo,2013,2013,130,Kanye West
353,Dance Pop,Solo,2013,2013,96,Katy Perry
354,Austrian Pop,Duo,2013,2013,120,Klangkarussell
355,Irish Pop,Band/Group,2013,2013,187,Kodaline
356,Irish Pop,Band/Group,2013,2013,77,Kodaline
357,Art Pop,Solo,2013,2013,126,Lana Del Rey
358,Hip Hop,Solo,2013,2013,125,Lil Wayne
359,Dance Pop,Solo,2014,2013,81,Lily Allen
360,Art Pop,Solo,2013,2013,85,Lorde
361,Art Pop,Solo,2013,2013,100,Lorde
362,Dance Pop,Duo,2012,2013,146,Macklemore & Ryan Lewis
363,Dance Pop,Duo,2012,2013,95,Macklemore & Ryan Lewis
364,Dance Pop,Duo,2012,2013,85,Macklemore & Ryan Lewis
365,Pop,Band/Group,2012,2013,120,Maroon 5
366,Dance Pop,Solo,2016,2013,128,Martin Garrix
367,Adult Standards,Solo,2013,2013,144,Michael Bublé
368,Dance Pop,Solo,2013,2013,80,Miley Cyrus
369,Modern Folk Rock,Band/Group,2012,2013,131,Mumford & Sons
370,Tropical House,Solo,2013,2013,125,Naughty Boy
371,Dance Pop,Solo,2013,2013,116,Nelly
372,Folk-Pop,Band/Group,2012,2013,103,Of Monsters and Men
373,Boy Band,Band/Group,2013,2013,118,One Direction
374,Boy Band,Band/Group,2013,2013,162,One Direction
375,Dance Pop,Solo,2012,2013,192,P!nk
376,Candy Pop,Band/Group,2013,2013,136,Paramore
377,Candy Pop,Band/Group,2013,2013,104,Paramore
378,Folk-Pop,Solo,2013,2013,121,Phillip Phillips
379,Dance Pop,Solo,2012,2013,136,Pitbull
380,Dance Pop,Solo,2012,2013,127,Pitbull
381,Contemporary R&B,Solo,2013,2013,120,Robin Thicke
382,Dance Pop,Solo,2013,2013,175,Rudimental
383,Dance Pop,Solo,2013,2013,128,Sebastian Ingrosso
384,Dance Pop,Solo,2013,2013,80,Selena Gomez
385,Deep Disco House,Solo,2013,2013,120,Storm Queen
386,Belgian Pop,Solo,2013,2013,116,Stromae
387,Pop,Solo,2012,2013,77,Taylor Swift
388,Pop,Solo,2012,2013,104,Taylor Swift
389,Pop,Solo,2012,2013,80,Taylor Swift
390,Modern Alternative Rock,Band/Group,2013,2013,100,The 1975
391,Folk-Pop,Band/Group,2012,2013,80,The Lumineers
392,Modern Alternative Rock,Band/Group,2013,2013,124,The Neighbourhood
393,Bubblegum Dance,Band/Group,2013,2013,124,The Saturdays
394,Chill Pop,Solo,2013,2013,123,Tom Odell
395,Gangster Rap,Solo,2013,2013,114,Wale
396,Dance Pop,Solo,2013,2013,130,will.i.am
397,Dance Pop,Solo,2013,2013,128,will.i.am
398,Comic,Duo,2013,2013,128,Ylvis
399,Complextro,Solo,2012,2013,128,Zedd
400,Boy Band,Band/Group,2014,2014,160,5 Seconds of Summer
401,Boy Band,Band/Group,2014,2014,102,5 Seconds of Summer
402,Dance Pop,Solo,2014,2014,126,Alesso
403,Pop Soul,Solo,2014,2014,82,Aloe Blacc
404,Indie Poptimism,Band/Group,2014,2014,100,American Authors
405,Dance Pop,Solo,2014,2014,99,Ariana Grande
406,Dance Pop,Solo,2014,2014,103,Ariana Grande
407,Dance Pop,Solo,2014,2014,130,Ariana Grande
408,Dance Pop,Solo,2013,2014,125,Avicii
409,Dance Pop,Solo,2014,2014,120,Becky G
410,Dance Pop,Solo,2014,2014,140,Beyoncé
411,Nyc Rap,Solo,2014,2014,168,Bobby Shmurda
412,Dance Pop,Solo,2014,2014,128,Calvin Harris
413,Dance Pop,Solo,2014,2014,128,Calvin Harris
414,Dance Pop,Solo,2014,2014,126,Calvin Harris
415,Art Pop,Solo,2014,2014,92,Charli XCX
416,Dance Pop,Solo,2014,2014,99,Chris Brown
417,Dance Pop,Solo,2014,2014,142,Chris Brown
418,Dance Pop,Band/Group,2014,2014,121,Clean Bandit
419,Alternative Rock,Band/Group,2014,2014,78,Cold War Kids
420,Permanent Wave,Band/Group,2014,2014,93,Coldplay
421,Permanent Wave,Band/Group,2014,2014,125,Coldplay
422,Big Room,Solo,2014,2014,128,David Guetta
423,Big Room,Solo,2014,2014,125,David Guetta
424,EDM,Duo,2013,2014,122,Disclosure
425,Dance Pop,Solo,2013,2014,100,DJ Snake
426,Dance Pop,Solo,2014,2014,196,DJ Snake
427,Destroy Techno,Solo,2014,2014,121,Duke Dumont
428,Dance Pop,Band/Group,2013,2014,130,Echosmith
429,Pop,Solo,2014,2014,95,Ed Sheeran
430,Pop,Solo,2014,2014,120,Ed Sheeran
431,Dance Pop,Band/Group,2014,2014,125,G.R.L.
432,Folk-Pop,Solo,2014,2014,128,George Ezra
433,Folk-Pop,Solo,2014,2014,104,George Ezra
434,Deep Groove House,Duo,2014,2014,122,Gorgon City
435,Australian Hip Hop,Solo,2014,2014,95,Iggy Azalea
436,Australian Hip Hop,Solo,2014,2014,164,Iggy Azalea
437,Dance Pop,Solo,2013,2014,100,Jason Derulo
438,Dance Pop,Solo,2013,2014,82,Jason Derulo
439,Dance Pop,Solo,2013,2014,82,Jason Derulo
440,Chicago Rap,Solo,2015,2014,98,Jeremih
441,Dance Pop,Solo,2014,2014,150,Jessie J
442,Neo Soul,Solo,2013,2014,120,John Legend
443,Dance Pop,Solo,2013,2014,86,Justin Timberlake
444,Dance Pop,Solo,2013,2014,132,Katy Perry
445,Dance Pop,Solo,2014,2014,98,Kid Ink
446,Electropop,Solo,2014,2014,123,Kiesza
447,Deep House,Duo,2013,2014,125,Klingande
448,Indie Poptimism,Solo,2014,2014,117,Labrinth
449,French Indie Pop,Duo,2014,2014,123,Lilly Wood and The Prick
450,Art Pop,Solo,2013,2014,100,Lorde
451,Reggae Fusion,Band/Group,2014,2014,144,MAGIC!
452,Pop,Band/Group,2014,2014,120,Maroon 5
453,Pop,Band/Group,2014,2014,190,Maroon 5
454,Pop,Band/Group,2014,2014,120,Maroon 5
455,Dance Pop,Solo,2015,2014,134,Meghan Trainor
456,German Pop,Band/Group,2014,2014,114,Milky Chance
457,Dance Pop,Duo,2012,2014,102,MKTO
458,Dutch Hip Hop,Solo,2014,2014,120,Mr. Probz
459,Chicago Rap,Solo,2014,2014,105,Natalie La Rose
460,Dance Pop,Solo,2015,2014,93,Nick Jonas
461,Dance Pop,Solo,2014,2014,130,Nicki Minaj
462,Pop Rap,Duo,2014,2014,120,Nico & Vinz
463,Pop Rap,Solo,2014,2014,120,O.T. Genasis
464,Dance Pop,Solo,2014,2014,125,Oliver Heldens
465,Dance Pop,Solo,2014,2014,122,Olly Murs
466,Dance Pop,Solo,2014,2014,97,Omarion
467,Boy Band,Band/Group,2014,2014,120,One Direction
468,Boy Band,Band/Group,2014,2014,77,One Direction
469,Dance Pop,Band/Group,2014,2014,122,OneRepublic
470,Dance Pop,Band/Group,2014,2014,120,OneRepublic
471,British Soul,Solo,2014,2014,91,Paloma Faith
472,Candy Pop,Band/Group,2013,2014,104,Paramore
473,Aussietronica,Band/Group,2014,2014,100,Peking Duk
474,Pop Rap,Solo,2014,2014,160,Pharrell Williams
475,Dance Pop,Solo,2012,2014,130,Pitbull
476,Pop,Duo,2014,2014,174,Rixton
477,Deep Groove House,Solo,2014,2014,120,Route 94
478,Dance Pop,Solo,2014,2014,84,Sam Smith
479,Dance Pop,Solo,2014,2014,134,Sam Smith
480,Gangster Rap,Solo,2014,2014,154,ScHoolboy Q
481,Gangster Rap,Solo,2014,2014,112,ScHoolboy Q
482,Australian Indie,Band/Group,2015,2014,142,Sheppard
483,Australian Dance,Solo,2015,2014,117,Sia
484,Australian Dance,Solo,2015,2014,130,Sia
485,Dance Pop,Solo,2014,2014,88,Sigma
486,Pop,Solo,2014,2014,95,Taylor Swift
487,Pop,Solo,2014,2014,170,Taylor Swift
488,Pop,Solo,2014,2014,160,Taylor Swift
489,Dance Pop,Duo,2014,2014,128,The Chainsmokers
490,Celtic Rock,Band/Group,2014,2014,167,The Script
491,Big Room,Solo,2014,2014,112,Tiësto
492,Big Room,Solo,2014,2014,125,Tiësto
493,Alternative R&B,Solo,2014,2014,101,Tinashe
494,Art Pop,Solo,2014,2014,110,Tove Lo
495,Art Pop,Solo,2014,2014,120,Tove Lo
496,Dance Pop,Solo,2015,2014,97,Trey Songz
497,Folk-Pop,Solo,2014,2014,102,Vance Joy
498,Complextro,Solo,2012,2014,128,Zedd
499,EDM,Solo,2014,2014,125,ZHU
500,Dance Pop,Solo,2015,2015,120,Adam Lambert
501,Canadian Contemporary R&B,Solo,2015,2015,120,Alessia Cara
502,Dance Pop,Solo,2014,2015,122,Andy Grammer
503,Dance Pop,Solo,2014,2015,99,Ariana Grande
504,Dance Pop,Solo,2014,2015,126,Avicii
505,Dance Pop,Solo,2015,2015,128,Avicii
506,Dance Pop,Solo,2014,2015,136,Beyoncé
507,Detroit Hip Hop,Solo,2015,2015,98,Big Sean
508,Modern Rock,Solo,2015,2015,120,BØRNS
509,Kentucky Hip Hop,Solo,2015,2015,97,Bryson Tiller
510,Dance Pop,Solo,2014,2015,128,Calvin Harris
511,Dance Pop,Solo,2015,2015,122,Calvin Harris
512,Dance Pop,Solo,2015,2015,98,Chris Brown
513,Dance Pop,Solo,2015,2015,114,Demi Lovato
514,Dance Pop,Solo,2015,2015,130,Demi Lovato
515,Dance Pop,Solo,2017,2015,128,Deorro
516,EDM,Duo,2015,2015,106,Disclosure
517,Dance Pop,Solo,2014,2015,196,DJ Snake
518,Canadian Hip Hop,Solo,2016,2015,135,Drake
519,Canadian Hip Hop,Solo,2015,2015,142,Drake
520,Pop,Solo,2014,2015,79,Ed Sheeran
521,Dance Pop,Solo,2015,2015,190,Ellie Goulding
522,Dance Pop,Solo,2015,2015,155,Ellie Goulding
523,Emo,Band/Group,2015,2015,176,Fall Out Boy
524,New Jersey Rap,Solo,2015,2015,190,Fetty Wap
525,New Jersey Rap,Solo,2015,2015,148,Fetty Wap
526,New Jersey Rap,Solo,2015,2015,128,Fetty Wap
527,Dance Pop,Solo,2015,2015,94,Flo Rida
528,Dance Pop,Solo,2015,2015,146,Flo Rida
529,Indie Rock,Band/Group,2015,2015,104,Foals
530,Dance Pop,Duo,2015,2015,126,Galantis
531,Folk-Pop,Solo,2014,2015,94,George Ezra
532,Dance Pop,Solo,2016,2015,123,Hailee Steinfeld
533,Irish Singer-Songwriter,Solo,2014,2015,129,Hozier
534,EDM,Duo,2015,2015,139,Jack Ü
535,Chicago Rap,Solo,2015,2015,79,Jeremih
536,Ghanaian Hip Hop,Solo,2015,2015,94,Jidenna
537,Canadian Pop,Solo,2015,2015,125,Justin Bieber
538,Icelandic Indie,Band/Group,2016,2015,163,KALEO
539,Conscious Hip Hop,Solo,2015,2015,107,Kendrick Lamar
540,EDM,Solo,2016,2015,100,Kygo
541,EDM,Solo,2015,2015,154,Kygo
542,Art Pop,Solo,2015,2015,132,Lana Del Rey
543,Electropop,Solo,2016,2015,138,Låpsley
544,Alternative Dance,Duo,2017,2015,92,Lemaitre
545,Indie Pop Rap,Solo,2015,2015,82,Luke Christopher
546,Dance Pop,Trio,2015,2015,98,Major Lazer
547,Dance Pop,Trio,2015,2015,108,Major Lazer
548,Dance Pop,Solo,2015,2015,115,Mark Ronson
549,Dance Pop,Solo,2015,2015,125,Martin Solveig
550,Hip Hop,Solo,2015,2015,78,Meek Mill
551,Modern Folk Rock,Band/Group,2015,2015,114,Mumford & Sons
552,Chicago Rap,Solo,2014,2015,105,Natalie La Rose
553,Pop Rap,Duo,2015,2015,104,Nico & Vinz
554,Electropop,Duo,2015,2015,142,Oh Wonder
555,Dance Pop,Solo,2014,2015,97,Omarion
556,Boy Band,Band/Group,2015,2015,138,One Direction
557,Boy Band,Band/Group,2015,2015,100,One Direction
558,New French Touch,Solo,2015,2015,91,Petit Biscuit
559,Deep Groove House,Solo,2014,2015,123,Philip George
560,Dance Pop,Solo,2014,2015,124,Pitbull
561,Hip Hop,Duo,2015,2015,125,Rae Sremmurd
562,Atl Hip Hop,Solo,2015,2015,82,Rich Homie Quan
563,Barbadian Pop,Solo,2015,2015,206,Rihanna
564,Barbadian Pop,Solo,2015,2015,103,Rihanna
565,San Diego Rap,Solo,2016,2015,108,Rob $tone
566,Dance Pop,Solo,2015,2015,123,Robin Schulz
567,Dance Pop,Band/Group,2015,2015,123,Rudimental
568,Dance Pop,Solo,2014,2015,100,Sam Smith
569,Dance Pop,Solo,2015,2015,186,SAYGRACE
570,Dance Pop,Solo,2015,2015,98,Selena Gomez
571,Dance Pop,Solo,2015,2015,111,Selena Gomez
572,Dance Pop,Solo,2015,2015,89,Selena Gomez
573,Australian Indie,Band/Group,2015,2015,142,Sheppard
574,Dance Pop,Solo,2018,2015,124,Sigala
575,EDM,Duo,2015,2015,95,Snakehips
576,Australian Psych,Band/Group,2015,2015,117,Tame Impala
577,Pop,Solo,2014,2015,96,Taylor Swift
578,Pop,Solo,2014,2015,140,Taylor Swift
579,Pop,Solo,2015,2015,170,Taylor Swift
580,Pop,Solo,2014,2015,95,Taylor Swift
581,Canadian Indie,Band/Group,2016,2015,81,The Strumbellas
582,Canadian Contemporary R&B,Solo,2015,2015,113,The Weeknd
583,Canadian Contemporary R&B,Solo,2015,2015,108,The Weeknd
584,Canadian Contemporary R&B,Solo,2014,2015,120,The Weeknd
585,Canadian Contemporary R&B,Solo,2015,2015,168,The Weeknd
586,Contemporary Country,Solo,2015,2015,166,Thomas Rhett
587,Art Pop,Solo,2014,2015,120,Tove Lo
588,Hip Hop,Solo,2015,2015,131,Travis Scott
589,Dance Pop,Solo,2015,2015,95,Trey Songz
590,Dance Pop,Solo,2015,2015,97,Trey Songz
591,Australian Pop,Solo,2015,2015,92,Troye Sivan
592,Modern Rock,Duo,2015,2015,170,Twenty One Pilots
593,Atl Hip Hop,Solo,2014,2015,113,Usher
594,Dance Pop,Band/Group,2014,2015,128,WALK THE MOON
595,Dance Pop,Solo,2015,2015,80,Wiz Khalifa
596,Modern Alternative Rock,Band/Group,2015,2015,90,X Ambassadors
597,Modern Alternative Rock,Band/Group,2015,2015,117,X Ambassadors
598,Dance Pop,Band/Group,2015,2015,120,Years & Years
599,Complextro,Solo,2015,2015,130,Zedd
600,British Soul,Solo,2015,2016,144,Adele
601,British Soul,Solo,2015,2016,164,Adele
602,British Soul,Solo,2015,2016,79,Adele
603,Canadian Contemporary R&B,Solo,2015,2016,120,Alessia Cara
604,Dance Pop,Solo,2016,2016,147,Anne-Marie
605,Dance Pop,Solo,2016,2016,108,Ariana Grande
606,Dance Pop,Solo,2016,2016,159,Ariana Grande
607,Dance Pop,Solo,2016,2016,134,Ariana Grande
608,Alt Z,Solo,2021,2016,120,Astrid S
609,Metropopolis,Band/Group,2016,2016,120,Bastille
610,Dance Pop,Solo,2016,2016,130,Beyoncé
611,Kentucky Hip Hop,Solo,2015,2016,97,Bryson Tiller
612,Kentucky Hip Hop,Solo,2015,2016,160,Bryson Tiller
613,Neo Mellow,Solo,2018,2016,113,Calum Scott
614,Dance Pop,Solo,2016,2016,124,Calvin Harris
615,Dance Pop,Solo,2016,2016,120,Calvin Harris
616,Dance Pop,Solo,2016,2016,100,Charlie Puth
617,Dance Pop,Solo,2016,2016,91,Charlie Puth
618,Dance Pop,Solo,2016,2016,112,Charlie Puth
619,Dance Pop,Trio,2016,2016,102,Cheat Codes
620,Dance Pop,Solo,2015,2016,93,Chris Brown
621,Dance Pop,Band/Group,2016,2016,130,Clean Bandit
622,Permanent Wave,Band/Group,2015,2016,90,Coldplay
623,Permanent Wave,Band/Group,2015,2016,112,Coldplay
624,Big Room,Solo,2016,2016,110,David Guetta
625,Alt Z,Solo,2016,2016,182,Daya
626,Alt Z,Solo,2016,2016,95,Daya
627,Dance Pop,Solo,2016,2016,100,DJ Snake
628,Dance Pop,Solo,2016,2016,105,DJ Snake
629,Dance Pop,Band/Group,2016,2016,119,DNCE
630,Canadian Hip Hop,Solo,2016,2016,118,Drake
631,Dance Pop,Solo,2017,2016,110,Dua Lipa
632,Dance Pop,Solo,2016,2016,91,Enrique Iglesias
633,Dance Pop,Band/Group,2016,2016,105,Fifth Harmony
634,Dance Pop,Band/Group,2016,2016,95,Fifth Harmony
635,Dance Pop,Solo,2015,2016,94,Flo Rida
636,Australian Dance,Solo,2016,2016,75,Flume
637,Alternative R&B,Solo,2016,2016,160,Frank Ocean
638,Atl Hip Hop,Solo,2016,2016,144,Future
639,Dance Pop,Duo,2016,2016,126,Galantis
640,Electropop,Solo,2016,2016,93,Garrett Nash
641,Indie Pop Rap,Solo,2015,2016,112,G-Eazy
642,Dance Pop,Solo,2016,2016,100,Hailee Steinfeld
643,Pop,Solo,2016,2016,108,James Arthur
644,Neo Mellow,Solo,2019,2016,126,James TW
645,Neo Soul,Solo,2016,2016,123,John Legend
646,Dance Pop,Solo,2018,2016,118,Jonas Blue
647,Dance Pop,Solo,2018,2016,114,Jonas Blue
648,Canadian Pop,Solo,2015,2016,100,Justin Bieber
649,Canadian Pop,Solo,2015,2016,100,Justin Bieber
650,Dance Pop,Solo,2016,2016,113,Justin Timberlake
651,Alt Z,Solo,2020,2016,113,Kiiara
652,EDM,Solo,2016,2016,100,Kygo
653,EDM,Solo,2015,2016,103,Kygo
654,Hip Hop,Solo,2016,2016,169,Lil Wayne
655,Dance Pop,Band/Group,2016,2016,126,Little Mix
656,Danish Pop,Band/Group,2016,2016,120,Lukas Graham
657,Indie Pop,Solo,2019,2016,104,Maggie Rogers
658,Dance Pop,Trio,2016,2016,93,Major Lazer
659,Pop,Solo,2017,2016,84,Marc E. Bassy
660,Brostep,Solo,2016,2016,142,Marshmello
661,Dance Pop,Solo,2016,2016,134,Martin Garrix
662,Dance Pop,Solo,2017,2016,92,Meghan Trainor
663,Dance Pop,Solo,2016,2016,90,Mike Perry
664,Dance Pop,Solo,2016,2016,102,Mike Posner
665,Art Pop,Solo,2016,2016,105,MØ
666,Dance Pop,Solo,2016,2016,112,Niall Horan
667,Dance Pop,Solo,2016,2016,124,Nick Jonas
668,Alt Z,Solo,2016,2016,101,Olivia Holt
669,Boy Band,Band/Group,2015,2016,87,One Direction
670,Dance Pop,Band/Group,2016,2016,100,OneRepublic
671,Dance Pop,Solo,2016,2016,163,P!nk
672,Pop,Solo,2016,2016,128,PARTYNEXTDOOR
673,Barbadian Pop,Solo,2016,2016,111,Rihanna
674,Barbadian Pop,Solo,2016,2016,92,Rihanna
675,Alt Z,Solo,2015,2016,124,Ruth B.
676,Dance Pop,Solo,2016,2016,186,SAYGRACE
677,Dance Pop,Solo,2015,2016,98,Selena Gomez
678,Dance Pop,Solo,2015,2016,111,Selena Gomez
679,Canadian Pop,Solo,2017,2016,83,Shawn Mendes
680,Canadian Pop,Solo,2015,2016,114,Shawn Mendes
681,Australian Dance,Solo,2016,2016,192,Sia
682,Australian Dance,Solo,2016,2016,90,Sia
683,Dance Pop,Solo,2018,2016,125,Sigala
684,EDM,Duo,2015,2016,95,Snakehips
685,Dance Pop,Solo,2018,2016,115,Steve Aoki
686,Modern Alternative Rock,Band/Group,2016,2016,101,The 1975
687,Modern Alternative Rock,Band/Group,2016,2016,121,The 1975
688,Dance Pop,Duo,2016,2016,95,The Chainsmokers
689,Dance Pop,Duo,2016,2016,160,The Chainsmokers
690,Dance Pop,Duo,2015,2016,100,The Chainsmokers
691,Folk-Pop,Band/Group,2016,2016,76,The Lumineers
692,Canadian Contemporary R&B,Solo,2016,2016,186,The Weeknd
693,Dance Pop,Duo,2016,2016,105,Timeflies
694,Dance Pop,Solo,2016,2016,120,Tinie Tempah
695,Art Pop,Solo,2016,2016,102,Tove Lo
696,Modern Alternative Rock,Band/Group,2015,2016,90,X Ambassadors
697,Modern Alternative Rock,Band/Group,2015,2016,117,X Ambassadors
698,Dance Pop,Solo,2017,2016,146,Zara Larsson
699,Dance Pop,Solo,2016,2016,125,ZAYN
700,Atl Hip Hop,Solo,2017,2017,73,2 Chainz
701,Atl Hip Hop,Solo,2017,2017,75,21 Savage
702,Melodic Rap,Solo,2017,2017,129,A Boogie Wit da Hoodie
703,Gangster Rap,Solo,2017,2017,170,A$AP Ferg
704,Modern Rock,Trio,2017,2017,124,AJR
705,Hip Hop,Solo,2017,2017,120,Aminé
706,Dance Pop,Duo,2017,2017,123,Axwell /\ Ingrosso
707,Social Media Pop,Duo,2017,2017,145,Ayo & Teo
708,Detroit Hip Hop,Solo,2017,2017,82,Big Sean
709,London Rap,Solo,2017,2017,135,Big Shaq
710,Art Pop,Solo,2017,2017,120,Billie Eilish
711,Electropop,Solo,2017,2017,111,blackbear
712,Dance Pop,Solo,2016,2017,134,Bruno Mars
713,Dance Pop,Solo,2016,2017,107,Bruno Mars
714,Dance Pop,Solo,2017,2017,101,Calvin Harris
715,Dance Pop,Solo,2017,2017,104,Calvin Harris
716,Dance Pop,Solo,2018,2017,105,Camila Cabello
717,Dance Pop,Solo,2018,2017,125,Cardi B
718,Dance Pop,Trio,2017,2017,113,Cheat Codes
719,Atl Hip Hop,Solo,2016,2017,160,Childish Gambino
720,Dance Pop,Band/Group,2016,2017,102,Clean Bandit
721,Dance Pop,Solo,2017,2017,144,Demi Lovato
722,Dance Pop,Solo,2017,2017,81,DJ Khaled
723,Dance Pop,Solo,2017,2017,98,DJ Khaled
724,Canadian Hip Hop,Solo,2017,2017,112,Drake
725,Canadian Hip Hop,Solo,2017,2017,134,Drake
726,Pop,Solo,2017,2017,95,Ed Sheeran
727,Pop,Solo,2017,2017,96,Ed Sheeran
728,Indietronica,Band/Group,2017,2017,97,Foster The People
729,Gangster Rap,Solo,2017,2017,98,French Montana
730,Atl Hip Hop,Solo,2017,2017,150,Future
731,Indie Pop Rap,Solo,2017,2017,88,G-Eazy
732,Indie Pop Rap,Solo,2017,2017,176,G-Eazy
733,Dance Pop,Solo,2017,2017,103,Hailee Steinfeld
734,Dance Pop,Solo,2017,2017,110,Halsey
735,Aussietronica,Solo,2019,2017,148,Hayden James
736,Modern Rock,Band/Group,2017,2017,125,Imagine Dragons
737,Modern Rock,Band/Group,2017,2017,168,Imagine Dragons
738,Modern Rock,Band/Group,2017,2017,135,Imagine Dragons
739,Conscious Hip Hop,Solo,2017,2017,150,Kendrick Lamar
740,Conscious Hip Hop,Solo,2017,2017,126,Kendrick Lamar
741,Conscious Hip Hop,Solo,2017,2017,140,Kendrick Lamar
742,Conscious Hip Hop,Solo,2017,2017,190,Kendrick Lamar
743,Pop,Solo,2017,2017,137,Khalid
744,Pop,Solo,2017,2017,80,Khalid
745,Florida Rap,Solo,2017,2017,172,Kodak Black
746,Pop,Solo,2016,2017,75,KYLE
747,Art Pop,Solo,2017,2017,100,Lana Del Rey
748,Dance Pop,Solo,2019,2017,106,Liam Payne
749,Emo Rap,Solo,2017,2017,106,Lil Peep
750,Emo Rap,Solo,2017,2017,120,Lil Pump
751,Melodic Rap,Solo,2017,2017,155,Lil Uzi Vert
752,Dance Pop,Band/Group,2016,2017,102,Little Mix
753,Conscious Hip Hop,Solo,2017,2017,100,Logic
754,Art Pop,Solo,2017,2017,76,Lorde
755,Art Pop,Solo,2017,2017,129,Lorde
756,Art Pop,Solo,2017,2017,107,Lorde
757,Indie Poptimism,Band/Group,2018,2017,123,lovelytheband
758,Latin,Solo,2019,2017,178,Luis Fonsi
759,Ohio Hip Hop,Solo,2017,2017,138,Machine Gun Kelly
760,Pop Rap,Solo,2017,2017,140,Macklemore
761,Pop,Band/Group,2018,2017,100,Maroon 5
762,Pop,Band/Group,2018,2017,100,Maroon 5
763,Alternative Dance,Band/Group,2018,2017,98,MGMT
764,Atl Hip Hop,Trio,2017,2017,127,Migos
765,Atl Hip Hop,Trio,2017,2017,142,Migos
766,Atl Hip Hop,Trio,2017,2017,139,Migos
767,Dance Pop,Solo,2017,2017,146,Miguel
768,Dance Pop,Solo,2017,2017,140,Miley Cyrus
769,Art Pop,Solo,2017,2017,120,MØ
770,Dance Pop,Solo,2017,2017,86,Niall Horan
771,Atl Hip Hop,Solo,2017,2017,163,Playboi Carti
772,Alternative Dance,Trio,2017,2017,120,PNAU
773,Indie Rock,Band/Group,2017,2017,79,Portugal. The Man
774,DFW Rap,Solo,2016,2017,123,Post Malone
775,DFW Rap,Solo,2016,2017,144,Post Malone
776,Hip Hop,Duo,2016,2017,140,Rae Sremmurd
777,Hip Hop,Duo,2016,2017,146,Rae Sremmurd
778,San Diego Rap,Solo,2016,2017,108,Rob $tone
779,Hawaiian Hip Hop,Solo,2017,2017,97,Russ
780,Dance Pop,Solo,2017,2017,92,Sam Smith
781,Dance Pop,Solo,2018,2017,102,Sean Paul
782,Dance Pop,Solo,2017,2017,123,Selena Gomez
783,Alternative R&B,Solo,2016,2017,146,Shelley FKA DRAM
784,EDM,Duo,2017,2017,122,Snakehips
785,Pop,Solo,2017,2017,135,SZA
786,Pop,Solo,2017,2017,128,Taylor Swift
787,Pop,Solo,2017,2017,160,Taylor Swift
788,Dance Pop,Duo,2017,2017,103,The Chainsmokers
789,Dance Pop,Duo,2017,2017,100,The Chainsmokers
790,Boy Band,Duo,2017,2017,145,The Vamps
791,Boy Band,Duo,2017,2017,130,The Vamps
792,Canadian Contemporary R&B,Solo,2016,2017,93,The Weeknd
793,Hip Hop,Solo,2016,2017,130,Travis Scott
794,Hip Hop,Solo,2018,2017,141,Travis Scott
795,Emo Rap,Solo,2017,2017,134,XXXTENTACION
796,Dirty South Rap,Solo,2017,2017,150,Yo Gotti
797,Dance Pop,Solo,2017,2017,121,Zara Larsson
798,Hip Hop,Solo,2016,2017,161,Zay Hilfigerrr
799,Complextro,Solo,2017,2017,102,Zedd
800,Boy Band,Band/Group,2018,2018,120,5 Seconds of Summer
801,Emo Rap,Solo,2018,2018,126,6ix9ine
802,Emo Rap,Solo,2018,2018,157,6ix9ine
803,Dance Pop,Solo,2018,2018,145,Ariana Grande
804,Dance Pop,Solo,2018,2018,122,Ariana Grande
805,Afroswing,Solo,2018,2018,96,B Young
806,Basshall,Duo,2018,2018,113,Banx & Ranx
807,Dance Pop,Solo,2018,2018,143,Bazzi
808,Electropop,Solo,2018,2018,89,benny blanco
809,Art Pop,Solo,2018,2018,115,Billie Eilish
810,Memphis Hip Hop,Solo,2018,2018,140,BlocBoy JB
811,Dance Pop,Solo,2017,2018,105,Bruno Mars
812,Dance Pop,Solo,2018,2018,124,Calvin Harris
813,Dance Pop,Solo,2018,2018,130,Camila Cabello
814,Dance Pop,Solo,2018,2018,136,Cardi B
815,Dance Pop,Solo,2018,2018,125,Cardi B
816,Dance Pop,Solo,2018,2018,152,Cardi B
817,Dance Pop,Solo,2018,2018,100,Cashmere Cat
818,Dance Pop,Solo,2018,2018,110,Charlie Puth
819,Dance Pop,Solo,2018,2018,112,Charlie Puth
820,Dance Pop,Solo,2018,2018,115,Charlie Puth
821,Atl Hip Hop,Solo,2018,2018,120,Childish Gambino
822,Contemporary Country,Duo,2018,2018,86,Dan + Shay
823,Israeli Pop,Solo,2017,2018,100,Dennis Lloyd
824,Dance Pop,Solo,2018,2018,136,DJ Khaled
825,Canadian Hip Hop,Solo,2018,2018,77,Drake
826,Canadian Hip Hop,Solo,2018,2018,155,Drake
827,Canadian Hip Hop,Solo,2018,2018,93,Drake
828,Canadian Hip Hop,Solo,2018,2018,91,Drake
829,Canadian Hip Hop,Solo,2018,2018,150,Drake
830,Dance Pop,Solo,2017,2018,97,Dua Lipa
831,EDM,Solo,2018,2018,126,Dynoro
832,Dance Pop,Solo,2018,2018,80,Ella Mai
833,Dance Pop,Solo,2017,2018,82,Ella Mai
834,Detroit Hip Hop,Solo,2017,2018,90,Eminem
835,Afroswing,Solo,2018,2018,103,EO
836,Alt Z,Solo,2018,2018,128,FINNEAS
837,Contemporary Country,Duo,2019,2018,200,Florida Georgia Line
838,Indie Pop Rap,Solo,2017,2018,88,G-Eazy
839,Folk-Pop,Solo,2018,2018,116,George Ezra
840,Folk-Pop,Solo,2018,2018,138,George Ezra
841,Bedroom Pop,Solo,2018,2018,130,girl in red
842,Dance Pop,Solo,2017,2018,103,Hailee Steinfeld
843,Dance Pop,Solo,2017,2018,118,Halsey
844,Hollywood,Band/Group,2017,2018,158,Hugh Jackman
845,Modern Rock,Band/Group,2018,2018,100,Imagine Dragons
846,Afrofuturism,Solo,2018,2018,115,Janelle Monáe
847,Contemporary Country,Solo,2018,2018,132,Jason Aldean
848,Conscious Hip Hop,Solo,2018,2018,137,Jay Rock
849,Dance Pop,Solo,2018,2018,106,Jonas Blue
850,Chicago Rap,Solo,2018,2018,84,Juice WRLD
851,Conscious Hip Hop,Solo,2017,2018,126,Kendrick Lamar
852,Conscious Hip Hop,Solo,2018,2018,97,Kendrick Lamar
853,Pop,Solo,2018,2018,144,Khalid
854,Alt Z,Solo,2018,2018,72,King Princess
855,Dance Pop,Solo,2018,2018,92,Lauv
856,Atl Hip Hop,Solo,2018,2018,120,Lil Baby
857,Comedy Rap,Solo,2018,2018,133,Lil Dicky
858,Conscious Hip Hop,Solo,2018,2018,150,Logic
859,Dance Pop,Duo,2017,2018,122,Loud Luxury
860,Afroswing,Band/Group,2018,2018,110,M.O
861,Ohio Hip Hop,Solo,2017,2018,82,Machine Gun Kelly
862,Latin,Solo,2018,2018,198,Maluma
863,Pop,Band/Group,2018,2018,126,Maroon 5
864,Brostep,Solo,2018,2018,100,Marshmello
865,Brostep,Solo,2017,2018,142,Marshmello
866,Brostep,Solo,2018,2018,95,Marshmello
867,Brostep,Solo,2018,2018,150,Marshmello
868,Atl Hip Hop,Trio,2018,2018,146,Migos
869,Atl Hip Hop,Trio,2018,2018,138,Migos
870,Atl Hip Hop,Trio,2018,2018,182,Migos
871,Dance Pop,Solo,2017,2018,122,MK
872,Hip Hop,Solo,2017,2018,148,NF
873,Latin,Solo,2018,2018,97,Nio Garcia
874,Atl Hip Hop,Solo,2017,2018,100,Offset
875,Latin,Solo,2018,2018,94,Ozuna
876,Colombian Pop,Band/Group,2018,2018,170,Piso 21
877,DFW Rap,Solo,2018,2018,160,Post Malone
878,DFW Rap,Solo,2018,2018,145,Post Malone
879,DFW Rap,Solo,2018,2018,140,Post Malone
880,Hip Hop,Duo,2018,2018,174,Rae Sremmurd
881,Atl Hip Hop,Solo,2018,2018,95,Rich The Kid
882,Rap,Solo,2018,2018,146,Sheck Wes
883,Dance Pop,Solo,2019,2018,115,Sigrid
884,Pop,Solo,2017,2018,95,Taylor Swift
885,Modern Alternative Rock,Band/Group,2018,2018,121,The 1975
886,Dance Pop,Duo,2018,2018,105,The Chainsmokers
887,Dance Pop,Duo,2018,2018,90,The Chainsmokers
888,Canadian Contemporary R&B,Solo,2018,2018,134,The Weeknd
889,Canadian Contemporary R&B,Solo,2018,2018,101,The Weeknd
890,Big Room,Solo,2018,2018,128,Tiësto
891,Hip Hop,Solo,2018,2018,155,Travis Scott
892,Dance Pop,Solo,2018,2018,98,Tyga
893,Folk-Pop,Solo,2018,2018,100,Vance Joy
894,Emo Rap,Solo,2018,2018,75,XXXTENTACION
895,Emo Rap,Solo,2018,2018,128,XXXTENTACION
896,Emo Rap,Solo,2018,2018,65,XXXTENTACION
897,Dance Pop,Band/Group,2018,2018,104,Years & Years
898,Cali Rap,Solo,2018,2018,204,YG
899,Complextro,Solo,2018,2018,107,Zedd
900,Atl Hip Hop,Solo,2018,2019,146,21 Savage
901,Boy Band,Band/Group,2020,2019,176,5 Seconds of Summer
902,Melodic Rap,Solo,2018,2019,93,A Boogie Wit da Hoodie
903,Melodic Rap,Solo,2018,2019,96,A Boogie Wit da Hoodie
904,Grime,Solo,2019,2019,134,AJ Tracey
905,Latin,Solo,2019,2019,105,Anuel AA
906,Latin,Solo,2019,2019,92,Anuel AA
907,Dance Pop,Solo,2019,2019,140,Ariana Grande
908,Dance Pop,Solo,2019,2019,107,Ariana Grande
909,Dance Pop,Solo,2019,2019,170,Ariana Grande
910,Dance Pop,Solo,2019,2019,190,Ariana Grande
911,Pop,Solo,2019,2019,125,Ashley O
912,Latin,Solo,2019,2019,176,Bad Bunny
913,Latin,Solo,2018,2019,97,Bad Bunny
914,Art Pop,Solo,2018,2019,115,Billie Eilish
915,Art Pop,Solo,2019,2019,135,Billie Eilish
916,Art Pop,Solo,2019,2019,83,Billie Eilish
917,Art Pop,Solo,2019,2019,120,Billie Eilish
918,K-Pop,Band/Group,2019,2019,132,BLACKPINK
919,Black Americana,Solo,2019,2019,98,Blanco Brown
920,Cali Rap,Solo,2018,2019,104,Blueface
921,K-Pop,Band/Group,2019,2019,120,BTS
922,Dance Pop,Solo,2019,2019,134,Cardi B
923,Dance Pop,Solo,2018,2019,130,Cardi B
924,North Carolina Hip Hop,Solo,2019,2019,75,DaBaby
925,UK Hip Hop,Solo,2019,2019,110,Dave
926,Dance Pop,Solo,2019,2019,170,Doja Cat
927,Alternative Pop Rock,Solo,2018,2019,152,Dominic Fike
928,Canadian Hip Hop,Solo,2019,2019,101,Drake
929,Dance Pop,Solo,2019,2019,124,Dua Lipa
930,Pop,Solo,2019,2019,138,Ed Sheeran
931,Pop,Solo,2019,2019,95,Ed Sheeran
932,Pop,Solo,2019,2019,152,Ed Sheeran
933,Melodic Rap,Solo,2019,2019,150,Flipp Dinero
934,Dark Clubbing,Solo,2019,2019,101,Gesaffelstein
935,Dance Pop,Solo,2018,2019,136,Halsey
936,Melodic Rap,Solo,2019,2019,81,iann dior
937,Melodic Rap,Solo,2019,2019,95,iann dior
938,Conscious Hip Hop,Solo,2019,2019,124,J. Cole
939,Dance Pop,Solo,2019,2019,122,Jax Jones
940,Dance Pop,Solo,2019,2019,125,Joel Corry
941,Boy Band,Band/Group,2019,2019,138,Jonas Brothers
942,Boy Band,Band/Group,2019,2019,94,Jonas Brothers
943,Chicago Rap,Solo,2019,2019,80,Juice WRLD
944,Black Americana,Solo,2019,2019,154,Kane Brown
945,Dance Pop,Solo,2019,2019,146,Kehlani
946,Pop,Solo,2018,2019,98,Khalid
947,Pop,Solo,2019,2019,136,Khalid
948,Florida Rap,Solo,2018,2019,98,Kodak Black
949,Art Pop,Solo,2018,2019,96,Lady Gaga
950,Art Pop,Solo,2019,2019,145,Lana Del Rey
951,Dance Pop,Solo,2020,2019,102,Lauv
952,Pop,Solo,2019,2019,110,Lewis Capaldi
953,Pop,Solo,2019,2019,104,Lewis Capaldi
954,LGBTQ+ Hip Hop,Solo,2019,2019,136,Lil Nas X
955,LGBTQ+ Hip Hop,Solo,2019,2019,136,Lil Nas X
956,LGBTQ+ Hip Hop,Solo,2019,2019,154,Lil Nas X
957,Melodic Rap,Solo,2019,2019,180,Lil Tecca
958,Dance Pop,Solo,2019,2019,158,Lizzo
959,Dance Pop,Solo,2019,2019,96,Lizzo
960,Latin,Solo,2019,2019,92,Lunay
961,Indie Pop,Solo,2019,2019,102,Maggie Rogers
962,Dance Pop,Solo,2018,2019,114,Mark Ronson
963,Brostep,Solo,2019,2019,100,Marshmello
964,Brostep,Solo,2019,2019,88,Marshmello
965,EDM,Band/Group,2019,2019,124,MEDUZA
966,Hip Hop,Solo,2018,2019,86,Meek Mill
967,Dance Pop,Solo,2019,2019,99,Megan Thee Stallion
968,Dance Pop,Solo,2019,2019,148,Miley Cyrus
969,Cali Rap,Solo,2019,2019,202,Mustard
970,Memphis Hip Hop,Solo,2019,2019,120,NLE Choppa
971,Dance Pop,Solo,2019,2019,171,Normani
972,Afro Dancehall,Band/Group,2020,2019,102,NSG
973,Atl Hip Hop,Solo,2019,2019,140,Offset
974,Modern Rock,Band/Group,2018,2019,82,Panic! At The Disco
975,Argentine Hip Hop,Solo,2019,2019,172,Paulo Londra
976,Chicago Rap,Solo,2019,2019,168,Polo G
977,DFW Rap,Solo,2019,2019,120,Post Malone
978,DFW Rap,Solo,2018,2019,145,Post Malone
979,DFW Rap,Solo,2019,2019,90,Post Malone
980,DFW Rap,Solo,2019,2019,100,Post Malone
981,DFW Rap,Solo,2019,2019,150,Post Malone
982,Classic Rock,Band/Group,1975,2019,144,Queen
983,Dance Pop,Solo,2019,2019,118,Regard
984,UK Drill,Solo,2019,2019,141,Russ Millions
985,Dance Pop,Solo,2019,2019,107,Sam Feldt
986,Cali Rap,Solo,2019,2019,105,Saweetie
987,Latin,Solo,2019,2019,176,Sech
988,Canadian Pop,Solo,2019,2019,117,Shawn Mendes
989,Canadian Pop,Solo,2019,2019,124,Shawn Mendes
990,Dance Pop,Solo,2019,2019,120,Sigrid
991,Grime,Solo,2019,2019,188,Stormzy
992,Pop,Solo,2019,2019,69,Taylor Swift
993,Pop,Solo,2019,2019,170,Taylor Swift
994,Pop,Solo,2019,2019,85,Taylor Swift
995,Hip Hop,Solo,2018,2019,155,Travis Scott
996,Hip Hop,Solo,2019,2019,80,"Tyler, The Creator"
997,Grime,Solo,2019,2019,103,Wiley
998,Afroswing,Duo,2019,2019,138,Young T & Bugsey
999,Atl Hip Hop,Solo,2019,2019,98,Young Thug
